model_name,model_frequency,exceedance_prob,protected_exceedance_prob
io_fixed_freq,0.0658467510971896,8e-05,0.134517173857109
io_fixed_trans,0.470869312789703,0.74831,0.278917776175595
io_jump_freq,0.04819221239074,1e-05,0.134503664585678
io_jump_trans,0.00493934986769545,0,0.13450173468976
random,0.366763126388915,0.25158,0.183054056210261
rw,0.0433892474657563,2e-05,0.134505594481597
