model_name,model_frequency,exceedance_prob,protected_exceedance_prob
rw,0.362570670407611,0.04712,0.351976862474436
subjects_io_jump_freq,0.637429329592389,0.95288,0.648023137525564
