model_name,exceedance_prob,protected_exceedance_prob
ck,0,0.00147786200248769
random,0,0.00147786200248769
random2,0,0.00147786200248769
rw,0,0.00147786200248769
subjects_io_fixed_freq,0.00165,0.00310591575175075
subjects_io_fixed_trans,1e-05,0.00148772899490747
subjects_io_jump_freq,0.95911,0.947830971975634
subjects_io_jump_trans,0.03921,0.0401663392804298
wsls,2e-05,0.00149759598732724
