model_name,exceedance_prob,protected_exceedance_prob
ck,0,0.12417748073612
random,0.02376,0.124333825197799
rw,0.23771,0.125741649169855
subjects_io_fixed_freq,0.01468,0.12427407739847
subjects_io_fixed_trans,0.00748,0.124226700288871
subjects_io_jump_freq,0.65655,0.128497680917722
subjects_io_jump_trans,0.05982,0.124571105555043
wsls,0,0.12417748073612
