model_name,model_frequency,exceedance_prob,protected_exceedance_prob
ck,0.00367660910738941,0,0.111115644250552
random,0.241581569552377,0.29948,0.14438033912931
rw,0.24219158268146,0.29986,0.144422547570788
subjects_io_fixed_freq,0.00368019441485975,0,0.111115644250552
subjects_io_fixed_trans,0.234452326483782,0.26779,0.14086037725971
subjects_io_jump_freq,0.193650985054085,0.12933,0.125480954083161
subjects_io_jump_trans,0.0770843240730694,0.00354,0.111508849205376
wsls,0.00368240863297791,0,0.111115644250552
